{
  "projectType": [
    "sap.watt.uitools.ide.fiori",
    "com.watt.common.builder.sapui5clientbuild",
    "com.sap.webide.hybrid.cordova"
  ],
  "build": {
    "targetFolder": "dist",
    "sourceFolder": "webapp",
    "buildRequired": false,
    "lastBuildDateTime": "Thu, 11 Jan 2018 12:58:43 GMT"
  },
  "generation": [
    {
      "templateId": "ui5template.basicSAPUI5ApplicationProjectCommon",
      "templateVersion": "1.32.0",
      "dateTimeStamp": "Fri, 29 Dec 2017 17:02:24 GMT"
    },
    {
      "templateId": "ui5template.basicSAPUI5ApplicationProject",
      "templateVersion": "1.40.12",
      "dateTimeStamp": "Fri, 29 Dec 2017 17:02:26 GMT"
    },
    {
      "templateId": "ui5template.basicSAPUI5ApplicationComponent",
      "templateVersion": "1.4.0",
      "dateTimeStamp": "Sat, 30 Dec 2017 18:17:27 GMT"
    }
  ],
  "translation": {
    "translationDomain": "",
    "supportedLanguages": "en,fr,de",
    "defaultLanguage": "en",
    "defaultI18NPropertyFile": "i18n.properties",
    "resourceModelName": "i18n"
  },
  "basevalidator": {
    "services": {
      "xml": "fioriXmlAnalysis",
      "js": "fioriJsValidator"
    }
  },
  "codeCheckingTriggers": {
    "notifyBeforePush": true,
    "notifyBeforePushLevel": "Error",
    "blockPush": false,
    "blockPushLevel": "Error"
  },
  "hybrid": {
    "hatVersion": "1.28.0",
    "appNamespace": "AssetTransfer"
  },
  "hcpdeploy": {
    "account": "c5257652trial",
    "name": "assettransfer",
    "lastVersionWeTriedToDeploy": "1.0.0"
  }
}